REGION,TECHNOLOGY,YEAR,VALUE
SIMPLICITY,GasExtraction,2015,2.9822204230100002
SIMPLICITY,GasImport1,2015,1.660187991043
SIMPLICITY,NGCC1,2015,2.3305263260999998
SIMPLICITY,TD,2015,2.3305263260999998
