REGION,TECHNOLOGY,YEAR,VALUE
SIMPLICITY,NGCC1,2015,19.218006
SIMPLICITY,NGCC2,2015,109.19321000000001
SIMPLICITY,TD,2015,8.826582800000001e-06
