REGION,TECHNOLOGY,VALUE
SIMPLICITY,GasExtraction,106.97730926324499
SIMPLICITY,GasImport,20.484538045500997
SIMPLICITY,NGCC,63.98687106389401
SIMPLICITY,TD,119.64842115455998
SIMPLICITY,WIND,55.66155008900999
