REGION,TECHNOLOGY,VALUE
SIMPLICITY,GasExtraction,107.91058555140398
SIMPLICITY,GasImport,22.826145500120997
SIMPLICITY,GridExp,34.824964095469
SIMPLICITY,NGCC,65.63088913112
SIMPLICITY,SOLPV,0.013529435158212
SIMPLICITY,TD,89.57473689356999
SIMPLICITY,WIND,58.768811842939996
