REGION,TECHNOLOGY,YEAR,VALUE
SIMPLICITY,Backstop,2015,0.4068971059696
SIMPLICITY,GasExtraction,2015,3.7892094351999996
SIMPLICITY,NGCC1,2015,1.9022135422699997
SIMPLICITY,TD,2015,1.9022135422699997
