REGION,TECHNOLOGY,YEAR,VALUE
SIMPLICITY,NGCC2,2015,87.35457099999999
SIMPLICITY,TD,2015,8.826582800000001e-06
