REGION,TECHNOLOGY,YEAR,VALUE
SIMPLICITY,GasImport2,2015,3.9432505312199995
SIMPLICITY,NGCC2,2015,2.3305263260999998
SIMPLICITY,TD,2015,2.3305263260999998
