REGION,TECHNOLOGY,VALUE
SIMPLICITY,GasImport2,3.9432505312199995
SIMPLICITY,NGCC2,2.3305263260999998
SIMPLICITY,TD,2.3305263260999998
