REGION,TECHNOLOGY,YEAR,VALUE
SIMPLICITY,GasExtraction,2015,2.8411146974
SIMPLICITY,GasImport1,2015,0.6360305694389999
SIMPLICITY,NGCC2,2015,2.3305263260999998
SIMPLICITY,TD,2015,2.3305263260999998
