REGION,TECHNOLOGY,YEAR,VALUE
"SIMPLICITY","GasImport2",2015,17.7446273684211
"SIMPLICITY","NGCC2",2015,0.000233052631578947
"SIMPLICITY","TD",2015,0.000233052631578947
